{
  "IcoMoonType": "selection",
  "icons": [
    {
      "icon": {
        "paths": [
          "M0 0h1536v1024h-1536v-1024z",
          "M0 0h768v512h-768v-512z",
          "M303.275 182.955l-85.504-23.040 62.805 62.635c4.608-14.848 12.459-28.16 22.699-39.595z",
          "M350.549 152.405l-62.635-62.805 23.040 85.504c11.435-10.069 24.747-17.92 39.595-22.699z",
          "M384 147.115c7.851 0 15.531 0.853 22.869 2.389l-22.869-85.504-22.869 85.675c7.339-1.707 15.019-2.56 22.869-2.56z",
          "M479.915 256c0 52.972-42.942 95.915-95.915 95.915s-95.915-42.942-95.915-95.915c0-52.972 42.942-95.915 95.915-95.915s95.915 42.942 95.915 95.915z",
          "M576 256l-85.675-22.869c1.536 7.339 2.389 15.019 2.389 22.869s-0.853 15.531-2.389 22.869l85.675-22.869z",
          "M487.595 222.549l62.805-62.635-85.504 23.040c10.069 11.435 17.92 24.747 22.699 39.595z",
          "M457.045 175.275l23.040-85.504-62.635 62.805c14.848 4.608 28.16 12.459 39.595 22.699z",
          "M275.115 256c0-7.851 0.853-15.531 2.389-22.869l-85.504 22.869 85.675 22.869c-1.707-7.339-2.56-15.019-2.56-22.869z",
          "M384 364.885c-7.851 0-15.531-0.853-22.869-2.389l22.869 85.504 22.869-85.675c-7.339 1.707-15.019 2.56-22.869 2.56z",
          "M464.725 329.045l85.504 23.040-62.805-62.635c-4.608 14.848-12.459 28.16-22.699 39.595z",
          "M417.451 359.595l62.635 62.805-23.040-85.504c-11.435 10.069-24.747 17.92-39.595 22.699z",
          "M280.405 289.451l-62.805 62.635 85.504-23.040c-10.069-11.435-17.92-24.747-22.699-39.595z",
          "M310.955 336.725l-23.040 85.504 62.635-62.805c-14.848-4.608-28.16-12.459-39.595-22.699z"
        ],
        "attrs": [
          {
            "fill": "rgb(254, 0, 0)"
          },
          {
            "fill": "rgb(0, 0, 149)"
          },
          {
            "fill": "rgb(255, 255, 255)"
          },
          {
            "fill": "rgb(255, 255, 255)"
          },
          {
            "fill": "rgb(255, 255, 255)"
          },
          {
            "fill": "rgb(255, 255, 255)"
          },
          {
            "fill": "rgb(255, 255, 255)"
          },
          {
            "fill": "rgb(255, 255, 255)"
          },
          {
            "fill": "rgb(255, 255, 255)"
          },
          {
            "fill": "rgb(255, 255, 255)"
          },
          {
            "fill": "rgb(255, 255, 255)"
          },
          {
            "fill": "rgb(255, 255, 255)"
          },
          {
            "fill": "rgb(255, 255, 255)"
          },
          {
            "fill": "rgb(255, 255, 255)"
          },
          {
            "fill": "rgb(255, 255, 255)"
          }
        ],
        "width": 1536,
        "isMulticolor": true,
        "isMulticolor2": false,
        "grid": 0,
        "tags": [
          "Flag_of_the_Republic_of_China (1)"
        ],
        "colorPermutations": {
          "10102114911783452120401122241161237415712540012552040125522201255255255160591101": [
            {
              "f": 8
            },
            {
              "f": 1
            },
            {
              "f": 10
            },
            {
              "f": 10
            },
            {
              "f": 10
            },
            {
              "f": 10
            },
            {
              "f": 10
            },
            {
              "f": 10
            },
            {
              "f": 10
            },
            {
              "f": 10
            },
            {
              "f": 10
            },
            {
              "f": 10
            },
            {
              "f": 10
            },
            {
              "f": 10
            },
            {
              "f": 10
            }
          ]
        }
      },
      "attrs": [
        {
          "fill": "rgb(254, 0, 0)"
        },
        {
          "fill": "rgb(0, 0, 149)"
        },
        {
          "fill": "rgb(255, 255, 255)"
        },
        {
          "fill": "rgb(255, 255, 255)"
        },
        {
          "fill": "rgb(255, 255, 255)"
        },
        {
          "fill": "rgb(255, 255, 255)"
        },
        {
          "fill": "rgb(255, 255, 255)"
        },
        {
          "fill": "rgb(255, 255, 255)"
        },
        {
          "fill": "rgb(255, 255, 255)"
        },
        {
          "fill": "rgb(255, 255, 255)"
        },
        {
          "fill": "rgb(255, 255, 255)"
        },
        {
          "fill": "rgb(255, 255, 255)"
        },
        {
          "fill": "rgb(255, 255, 255)"
        },
        {
          "fill": "rgb(255, 255, 255)"
        },
        {
          "fill": "rgb(255, 255, 255)"
        }
      ],
      "properties": {
        "order": 26,
        "id": 5,
        "name": "tw",
        "prevSize": 32,
        "code": 59648,
        "codes": [
          59648,
          59649,
          59650,
          59651,
          59652,
          59653,
          59654,
          59655,
          59656,
          59657,
          59658,
          59659,
          59660,
          59661,
          59662
        ]
      },
      "setIdx": 1,
      "setId": 4,
      "iconIdx": 0
    },
    {
      "icon": {
        "paths": [
          "M778.24 0v78.769h1167.36v78.769h-1167.36v78.769h1167.36v78.769h-1167.36v78.769h1167.36v78.769h-1167.36v78.769h1167.36v78.769h-1945.6v78.769h1945.6v78.769h-1945.6v78.769h1945.6v78.769h-1945.6v78.769h1945.6v-1024z",
          "M0 0v551.385h778.24v-551.385h-778.24zM83.338 521.767l-18.59-13.391-18.59 13.391 7.089-21.74-18.59-13.391h22.843l7.404-21.898 7.089 21.74h22.843l-18.59 13.391 7.089 21.898zM76.249 389.75l7.089 21.74-18.59-13.391-18.59 13.391 7.089-21.74-18.59-13.391h22.843l7.089-21.74 7.089 21.74h22.843l-18.274 13.391zM76.249 279.473l7.089 21.74-18.59-13.391-18.59 13.391 7.089-21.74-18.59-13.391h22.843l7.089-21.74 7.089 21.74h22.843l-18.274 13.391zM76.249 169.196l7.089 21.74-18.59-13.391-18.59 13.391 7.089-21.74-18.59-13.391h22.843l7.089-21.74 7.089 21.74h22.843l-18.274 13.391zM76.249 58.919l7.089 21.74-18.59-13.391-18.59 13.391 7.089-21.74-18.59-13.391h22.843l7.089-21.74 7.089 21.74h22.843l-18.274 13.391zM148.244 466.629l-18.59-13.391-18.59 13.391 7.089-21.74-18.59-13.391h22.843l7.089-21.74 7.089 21.74h22.843l-18.59 13.391 7.404 21.74zM141.154 334.612l7.089 21.74-18.59-13.391-18.59 13.391 7.089-21.74-18.59-13.391h22.843l7.089-21.74 7.089 21.74h22.843l-18.274 13.391zM141.154 224.335l7.089 21.74-18.59-13.391-18.59 13.391 7.089-21.74-18.59-13.391h22.843l7.089-21.74 7.089 21.74h22.843l-18.274 13.391zM141.154 114.058l7.089 21.74-18.59-13.391-18.59 13.391 7.089-21.74-18.59-13.391h22.843l7.089-21.74 7.089 21.74h22.843l-18.274 13.391zM213.15 521.767l-18.59-13.391-18.59 13.391 7.089-21.74-18.59-13.391h23.001l7.089-21.898 7.089 21.74h22.843l-18.59 13.391 7.247 21.898zM206.060 389.75l7.089 21.74-18.59-13.391-18.59 13.391 7.089-21.74-18.59-13.391h23.001l7.089-21.74 7.089 21.74h22.843l-18.432 13.391zM206.060 279.473l7.089 21.74-18.59-13.391-18.59 13.391 7.089-21.74-18.59-13.391h23.001l7.089-21.74 7.089 21.74h22.843l-18.432 13.391zM206.060 169.196l7.089 21.74-18.59-13.391-18.59 13.391 7.089-21.74-18.59-13.391h23.001l7.089-21.74 7.089 21.74h22.843l-18.432 13.391zM206.060 58.919l7.089 21.74-18.59-13.391-18.59 13.391 7.089-21.74-18.59-13.391h23.001l7.089-21.74 7.089 21.74h22.843l-18.432 13.391zM277.898 466.629l-18.59-13.391-18.59 13.391 7.089-21.74-18.59-13.391h22.843l7.089-21.74 7.089 21.74h22.843l-18.59 13.391 7.404 21.74zM270.809 334.612l7.089 21.74-18.59-13.391-18.59 13.391 7.089-21.74-18.59-13.391h22.843l7.089-21.74 7.089 21.74h22.843l-18.274 13.391zM270.809 224.335l7.089 21.74-18.59-13.391-18.59 13.391 7.089-21.74-18.59-13.391h22.843l7.089-21.74 7.089 21.74h22.843l-18.274 13.391zM270.809 114.058l7.089 21.74-18.59-13.391-18.59 13.391 7.089-21.74-18.59-13.391h22.843l7.089-21.74 7.089 21.74h22.843l-18.274 13.391zM342.804 521.767l-18.59-13.391-18.59 13.391 7.089-21.74-18.59-13.391h22.843l7.247-21.898 7.089 21.74h22.843l-18.59 13.391 7.247 21.898zM335.714 389.75l7.089 21.74-18.59-13.391-18.59 13.391 7.089-21.74-18.59-13.391h22.843l7.089-21.74 7.089 21.74h22.843l-18.274 13.391zM335.714 279.473l7.089 21.74-18.59-13.391-18.59 13.391 7.089-21.74-18.59-13.391h22.843l7.089-21.74 7.089 21.74h22.843l-18.274 13.391zM335.714 169.196l7.089 21.74-18.59-13.391-18.59 13.391 7.089-21.74-18.59-13.391h22.843l7.089-21.74 7.089 21.74h22.843l-18.274 13.391zM335.714 58.919l7.089 21.74-18.59-13.391-18.59 13.391 7.089-21.74-18.59-13.391h22.843l7.089-21.74 7.089 21.74h22.843l-18.274 13.391zM407.71 466.629l-18.59-13.548-18.59 13.391 7.089-21.74-18.432-13.391h22.843l7.089-21.74 7.089 21.74h22.843l-18.59 13.391 7.247 21.898zM400.62 334.612l7.089 21.74-18.59-13.548-18.59 13.391 7.089-21.74-18.432-13.391h22.843l7.089-21.74 7.089 21.74h22.843l-18.432 13.548zM400.62 224.335l7.089 21.74-18.59-13.391-18.59 13.391 7.089-21.74-18.59-13.391h22.843l7.247-21.898 7.089 21.74h22.843l-18.432 13.548zM400.62 114.058l7.089 21.74-18.59-13.391-18.59 13.391 7.089-21.74-18.59-13.391h22.843l7.247-21.898 7.089 21.74h22.843l-18.432 13.548zM472.458 521.767l-18.59-13.391-18.59 13.391 7.089-21.74-18.59-13.391h22.843l7.404-21.898 7.089 21.74h22.843l-18.59 13.391 7.089 21.898zM465.369 389.75l7.089 21.74-18.59-13.391-18.59 13.391 7.089-21.74-18.59-13.391h22.843l7.089-21.74 7.089 21.74h22.843l-18.274 13.391zM465.369 279.473l7.089 21.74-18.59-13.391-18.59 13.391 7.089-21.74-18.59-13.391h22.843l7.089-21.74 7.089 21.74h22.843l-18.274 13.391zM465.369 169.196l7.089 21.74-18.59-13.391-18.59 13.391 7.089-21.74-18.59-13.391h22.843l7.089-21.74 7.089 21.74h22.843l-18.274 13.391zM465.369 58.919l7.089 21.74-18.59-13.391-18.59 13.391 7.089-21.74-18.59-13.391h22.843l7.089-21.74 7.089 21.74h22.843l-18.274 13.391zM537.364 466.629l-18.59-13.391-18.59 13.391 7.089-21.74-18.59-13.391h22.843l7.089-21.74 7.089 21.74h22.843l-18.59 13.391 7.404 21.74zM530.274 334.612l7.089 21.74-18.59-13.391-18.59 13.391 7.089-21.74-18.59-13.391h22.843l7.089-21.74 7.089 21.74h22.843l-18.274 13.391zM530.274 224.335l7.089 21.74-18.59-13.391-18.59 13.391 7.089-21.74-18.59-13.391h22.843l7.089-21.74 7.089 21.74h22.843l-18.274 13.391zM530.274 114.058l7.089 21.74-18.59-13.391-18.59 13.391 7.089-21.74-18.59-13.391h22.843l7.089-21.74 7.089 21.74h22.843l-18.274 13.391zM602.27 521.767l-18.59-13.391-18.59 13.391 7.089-21.74-18.59-13.391h23.001l7.089-21.898 7.089 21.74h22.843l-18.59 13.391 7.247 21.898zM595.18 389.75l7.089 21.74-18.59-13.391-18.59 13.391 7.089-21.74-18.59-13.391h23.001l7.089-21.74 7.089 21.74h22.843l-18.432 13.391zM595.18 279.473l7.089 21.74-18.59-13.391-18.59 13.391 7.089-21.74-18.59-13.391h23.001l7.089-21.74 7.089 21.74h22.843l-18.432 13.391zM595.18 169.196l7.089 21.74-18.59-13.391-18.59 13.391 7.089-21.74-18.59-13.391h23.001l7.089-21.74 7.089 21.74h22.843l-18.432 13.391zM595.18 58.919l7.089 21.74-18.59-13.391-18.59 13.391 7.089-21.74-18.59-13.391h23.001l7.089-21.74 7.089 21.74h22.843l-18.432 13.391zM667.018 466.629l-18.59-13.391-18.59 13.391 7.089-21.74-18.59-13.391h22.843l7.089-21.74 7.089 21.74h22.843l-18.59 13.391 7.404 21.74zM659.929 334.612l7.089 21.74-18.59-13.391-18.59 13.391 7.089-21.74-18.59-13.391h22.843l7.089-21.74 7.089 21.74h22.843l-18.274 13.391zM659.929 224.335l7.089 21.74-18.59-13.391-18.59 13.391 7.089-21.74-18.59-13.391h22.843l7.089-21.74 7.089 21.74h22.843l-18.274 13.391zM659.929 114.058l7.089 21.74-18.59-13.391-18.59 13.391 7.089-21.74-18.59-13.391h22.843l7.089-21.74 7.089 21.74h22.843l-18.274 13.391zM731.924 521.767l-18.59-13.391-18.59 13.391 7.089-21.74-18.59-13.391h22.843l7.089-21.74 7.089 21.74h22.843l-18.59 13.391 7.404 21.74zM724.834 389.75l7.089 21.74-18.59-13.391-18.59 13.391 7.089-21.74-18.59-13.391h22.843l7.089-21.74 7.089 21.74h22.843l-18.274 13.391zM724.834 279.473l7.089 21.74-18.59-13.391-18.59 13.391 7.089-21.74-18.59-13.391h22.843l7.089-21.74 7.089 21.74h22.843l-18.274 13.391zM724.834 169.196l7.089 21.74-18.59-13.391-18.59 13.391 7.089-21.74-18.59-13.391h22.843l7.089-21.74 7.089 21.74h22.843l-18.274 13.391zM724.834 58.919l7.089 21.74-18.59-13.391-18.59 13.391 7.089-21.74-18.59-13.391h22.843l7.089-21.74 7.089 21.74h22.843l-18.274 13.391z"
        ],
        "attrs": [
          {
            "fill": "rgb(178, 34, 52)"
          },
          {
            "fill": "rgb(60, 59, 110)"
          }
        ],
        "width": 1946,
        "isMulticolor": true,
        "isMulticolor2": false,
        "grid": 0,
        "tags": [
          "Flag_of_the_United_States"
        ],
        "colorPermutations": {
          "10102114911783452120401122241161237415712540012552040125522201255255255160591101": [
            {
              "f": 4
            },
            {
              "f": 2
            }
          ]
        }
      },
      "attrs": [
        {
          "fill": "rgb(178, 34, 52)"
        },
        {
          "fill": "rgb(60, 59, 110)"
        }
      ],
      "properties": {
        "order": 24,
        "id": 4,
        "name": "us",
        "prevSize": 32,
        "code": 59663,
        "codes": [
          59663,
          59664
        ]
      },
      "setIdx": 1,
      "setId": 4,
      "iconIdx": 1
    },
    {
      "icon": {
        "paths": [
          "M0 0h1536v1024h-1536v-1024z",
          "M839.68 213.675c-166.912-11.435-246.784 209.067-86.357 291.328-16.555-13.141-29.184-32.768-35.499-56.149-9.045-33.109-3.925-68.608 14.336-97.451l3.755 2.389c-17.579 27.819-22.528 62.123-13.824 93.867 6.485 23.723 20.139 44.032 37.547 56.491-29.355-32.085-17.579-84.139 27.989-104.619 30.037-13.483 54.272-69.12 32.085-103.765-19.797-30.891-14.677-64.171 19.968-82.091zM758.272 342.869l-10.069 15.872-3.584-18.432-18.261-4.779 16.384-9.216-1.195-18.773 13.824 12.8 17.579-6.827-7.851 17.067 11.947 14.507-18.773-2.219z",
          "M770.048 495.957c7.339-19.797 22.187-37.888 42.325-51.2 28.672-18.773 64-24.917 97.109-16.555l-1.024 4.267c-31.915-8.021-66.048-2.219-93.525 15.872-20.48 13.483-35.669 32.768-42.155 53.248 21.504-37.888 74.581-42.667 108.203-5.632 22.187 24.405 82.603 30.379 108.544-1.536 23.211-28.501 56.491-33.963 84.139-6.315-40.448-162.304-274.944-170.155-303.616 7.851zM939.52 453.12l-10.069 15.872-3.755-18.432-18.261-4.779 16.384-9.216-1.195-18.773 13.824 12.8 17.579-6.827-7.851 17.067 11.947 14.507-18.603-2.219z",
          "M783.872 509.099c21.163 0.853 42.837 9.387 61.781 24.576 26.795 21.504 43.349 53.248 45.739 87.211l-4.437 0.341c-2.219-32.768-18.261-63.488-44.032-84.139-19.115-15.36-42.325-23.723-63.659-23.552 42.667 8.704 63.659 57.856 38.912 101.205-16.384 28.672-3.243 87.893 34.987 102.741 34.133 13.312 49.664 43.179 32.085 78.165 141.824-89.088 76.8-314.539-101.376-286.549zM890.88 659.627l-10.069 15.872-3.755-18.432-18.261-4.779 16.384-9.216-1.195-18.773 13.824 12.8 17.579-6.827-7.851 17.067 11.947 14.507-18.603-2.219z",
          "M775.68 526.165c5.632 20.309 4.267 43.691-4.267 66.389-12.117 32.085-37.205 57.685-68.949 70.485l-1.707-4.096c30.549-12.288 54.784-37.035 66.389-67.925 8.704-23.040 9.557-47.445 2.731-67.755 4.949 43.349-35.328 78.336-84.139 68.267-32.256-6.656-84.651 24.064-86.869 65.024-2.048 36.693-25.771 60.587-64.341 54.613 128.512 107.349 322.731-24.235 241.152-185.003zM679.424 677.035l-10.069 15.872-3.584-18.432-18.261-4.779 16.384-9.216-1.195-18.773 13.824 12.8 17.579-6.827-7.851 17.067 11.947 14.507-18.773-2.219z",
          "M692.395 540.331c-34.304-1.536-66.389-17.579-88.235-43.691l3.413-2.901c20.992 25.088 52.053 40.448 85.163 41.984 24.576 1.195 48.128-5.632 65.365-18.261-39.765 18.091-85.504-9.387-90.795-59.051-3.584-32.768-48.981-73.045-88.747-62.635-35.499 9.387-65.707-5.803-71.851-44.373-62.464 155.307 122.709 299.52 250.368 172.203-17.749 11.776-40.448 17.749-64.683 16.725zM587.264 497.152l-3.584-18.432-18.261-4.779 16.384-9.216-1.195-18.773 13.824 12.8 17.579-6.827-7.851 17.067 11.947 14.507-18.603-2.219-10.24 15.872z"
        ],
        "attrs": [
          {
            "fill": "rgb(222, 41, 16)"
          },
          {
            "fill": "rgb(255, 255, 255)"
          },
          {
            "fill": "rgb(255, 255, 255)"
          },
          {
            "fill": "rgb(255, 255, 255)"
          },
          {
            "fill": "rgb(255, 255, 255)"
          },
          {
            "fill": "rgb(255, 255, 255)"
          }
        ],
        "width": 1536,
        "isMulticolor": true,
        "isMulticolor2": false,
        "grid": 0,
        "tags": [
          "Flag_of_Hong_Kong"
        ],
        "colorPermutations": {
          "10102114911783452120401122241161237415712540012552040125522201255255255160591101": [
            {
              "f": 5
            },
            {
              "f": 10
            },
            {
              "f": 10
            },
            {
              "f": 10
            },
            {
              "f": 10
            },
            {
              "f": 10
            }
          ]
        }
      },
      "attrs": [
        {
          "fill": "rgb(222, 41, 16)"
        },
        {
          "fill": "rgb(255, 255, 255)"
        },
        {
          "fill": "rgb(255, 255, 255)"
        },
        {
          "fill": "rgb(255, 255, 255)"
        },
        {
          "fill": "rgb(255, 255, 255)"
        },
        {
          "fill": "rgb(255, 255, 255)"
        }
      ],
      "properties": {
        "order": 25,
        "id": 3,
        "name": "hk",
        "prevSize": 32,
        "code": 59665,
        "codes": [
          59665,
          59666,
          59667,
          59668,
          59669,
          59670
        ]
      },
      "setIdx": 1,
      "setId": 4,
      "iconIdx": 2
    },
    {
      "icon": {
        "paths": [
          "M0 0h1536v1024h-1536v-1024z",
          "M311.808 274.091l90.283-65.536h-111.616l-34.475-106.155-34.475 106.155h-111.616l90.283 65.536-34.475 106.155 90.283-65.536 90.283 65.536z",
          "M504.32 120.32l19.115 31.915 3.243-37.035 36.352-8.363-34.304-14.507 3.243-37.035-24.405 27.989-34.133-14.507 19.115 31.915-24.405 27.989z",
          "M600.405 218.453l5.291 36.864 17.237-32.939 36.693 6.315-25.941-26.624 17.408-32.939-33.28 16.384-25.941-26.624 5.291 36.693-33.451 16.384z",
          "M633.173 363.691l29.355-22.869-37.205 1.365-12.8-34.987-10.24 35.84-37.035 1.365 30.72 20.651-10.24 35.84 29.355-22.869 30.891 20.651z",
          "M528.384 450.048l1.707-37.205-23.211 29.013-34.816-12.971 20.48 31.061-23.381 29.013 36.011-9.899 20.309 31.061 1.707-37.035 36.011-9.899z"
        ],
        "attrs": [
          {
            "fill": "rgb(222, 41, 16)"
          },
          {
            "fill": "rgb(255, 222, 0)"
          },
          {
            "fill": "rgb(255, 222, 0)"
          },
          {
            "fill": "rgb(255, 222, 0)"
          },
          {
            "fill": "rgb(255, 222, 0)"
          },
          {
            "fill": "rgb(255, 222, 0)"
          }
        ],
        "width": 1536,
        "isMulticolor": true,
        "isMulticolor2": false,
        "grid": 0,
        "tags": [
          "Flag_of_the_People's_Republic_of_China"
        ],
        "colorPermutations": {
          "10102114911783452120401122241161237415712540012552040125522201255255255160591101": [
            {
              "f": 5
            },
            {
              "f": 6
            },
            {
              "f": 6
            },
            {
              "f": 6
            },
            {
              "f": 6
            },
            {
              "f": 6
            }
          ]
        }
      },
      "attrs": [
        {
          "fill": "rgb(222, 41, 16)"
        },
        {
          "fill": "rgb(255, 222, 0)"
        },
        {
          "fill": "rgb(255, 222, 0)"
        },
        {
          "fill": "rgb(255, 222, 0)"
        },
        {
          "fill": "rgb(255, 222, 0)"
        },
        {
          "fill": "rgb(255, 222, 0)"
        }
      ],
      "properties": {
        "order": 23,
        "id": 2,
        "name": "ch",
        "prevSize": 32,
        "code": 59671,
        "codes": [
          59671,
          59672,
          59673,
          59674,
          59675,
          59676
        ]
      },
      "setIdx": 1,
      "setId": 4,
      "iconIdx": 3
    },
    {
      "icon": {
        "paths": [
          "M0 731.429h2048v73.143h-2048v-73.143z",
          "M0 877.714h2048v73.143h-2048v-73.143z",
          "M1024 438.857h1024v73.143h-1024v-73.143z",
          "M0 585.143h2048v73.143h-2048v-73.143z",
          "M1024 0h1024v73.143h-1024v-73.143z",
          "M1024 292.571h1024v73.143h-1024v-73.143z",
          "M1024 146.286h1024v73.143h-1024v-73.143z",
          "M0 0h1024v585.143h-1024v-585.143z",
          "M281.454 293.157c0-107.374 87.479-194.56 195.218-194.56 23.845 0 46.592 4.242 67.73 12.069-35.109-23.698-77.531-37.522-123.099-37.522-121.49 0-220.16 98.304-220.16 219.429s98.67 219.429 220.16 219.429c43.886 0 84.846-12.873 119.15-34.962-20.041 6.875-41.472 10.679-63.854 10.679-107.739 0-195.145-87.186-195.145-194.56z",
          "M726.235 292.718l96.622-40.594-105.106 4.096 69.047-77.458-92.891 48.128 27.721-98.962-62.318 82.651-19.017-100.864-19.383 100.791-62.025-82.798 27.429 99.035-92.745-48.421 68.754 77.605-105.033-4.315 96.475 40.814-96.622 40.594 105.106-4.096-69.047 77.458 92.891-48.128-27.721 98.962 62.318-82.651 19.017 100.864 19.383-100.791 62.025 82.798-27.429-99.035 92.745 48.421-68.754-77.605 105.033 4.315z"
        ],
        "attrs": [
          {
            "fill": "rgb(204, 0, 1)"
          },
          {
            "fill": "rgb(204, 0, 1)"
          },
          {
            "fill": "rgb(204, 0, 1)"
          },
          {
            "fill": "rgb(204, 0, 1)"
          },
          {
            "fill": "rgb(204, 0, 1)"
          },
          {
            "fill": "rgb(204, 0, 1)"
          },
          {
            "fill": "rgb(204, 0, 1)"
          },
          {
            "fill": "rgb(1, 0, 102)"
          },
          {
            "fill": "rgb(255, 204, 0)"
          },
          {
            "fill": "rgb(255, 204, 0)"
          }
        ],
        "width": 2048,
        "isMulticolor": true,
        "isMulticolor2": false,
        "grid": 0,
        "tags": [
          "Flag_of_Malaysia"
        ],
        "colorPermutations": {
          "10102114911783452120401122241161237415712540012552040125522201255255255160591101": [
            {
              "f": 3
            },
            {
              "f": 3
            },
            {
              "f": 3
            },
            {
              "f": 3
            },
            {
              "f": 3
            },
            {
              "f": 3
            },
            {
              "f": 3
            },
            {
              "f": 0
            },
            {
              "f": 7
            },
            {
              "f": 7
            }
          ]
        }
      },
      "attrs": [
        {
          "fill": "rgb(204, 0, 1)"
        },
        {
          "fill": "rgb(204, 0, 1)"
        },
        {
          "fill": "rgb(204, 0, 1)"
        },
        {
          "fill": "rgb(204, 0, 1)"
        },
        {
          "fill": "rgb(204, 0, 1)"
        },
        {
          "fill": "rgb(204, 0, 1)"
        },
        {
          "fill": "rgb(204, 0, 1)"
        },
        {
          "fill": "rgb(1, 0, 102)"
        },
        {
          "fill": "rgb(255, 204, 0)"
        },
        {
          "fill": "rgb(255, 204, 0)"
        }
      ],
      "properties": {
        "order": 22,
        "id": 1,
        "name": "my",
        "prevSize": 32,
        "code": 59677,
        "codes": [
          59677,
          59678,
          59679,
          59680,
          59681,
          59682,
          59683,
          59684,
          59685,
          59686
        ]
      },
      "setIdx": 1,
      "setId": 4,
      "iconIdx": 4
    },
    {
      "icon": {
        "paths": [
          "M0 512h1536v512h-1536v-512z",
          "M0 0v512h1536v-512h-1536zM334.293 448.533c-106.347 0-192.533-86.187-192.533-192.533s86.187-192.533 192.533-192.533c22.258 0 43.662 3.769 63.538 10.738-96.996 3.947-174.436 83.84-174.436 181.796s77.44 177.849 174.436 181.796c-19.876 6.969-41.28 10.738-63.538 10.738zM358.116 260.658l-26.169-20.053-26.133 20.089 10.062-32.356-26.24-19.947 32.391 0.071 9.92-32.391 9.956 32.391 32.391-0.071-26.24 19.947 10.062 32.32zM386.453 350.151l10.062 32.356-26.169-20.053-26.133 20.089 10.062-32.356-26.24-19.947 32.391 0.071 9.92-32.391 9.956 32.391 32.391-0.071-26.24 19.911zM408.533 184.498l10.062-32.356-26.24-19.947 32.391 0.071 9.92-32.391 9.956 32.391 32.391-0.071-26.24 19.947 10.062 32.356-26.169-20.053-26.133 20.053zM524.942 382.507l-26.169-20.053-26.133 20.089 10.062-32.356-26.24-19.947 32.391 0.071 9.92-32.391 9.956 32.391 32.391-0.071-26.24 19.947 10.062 32.32zM563.342 260.658l-26.169-20.053-26.133 20.089 10.062-32.356-26.24-19.947 32.391 0.071 9.92-32.391 9.956 32.391 32.391-0.071-26.24 19.947 10.062 32.32z"
        ],
        "attrs": [
          {
            "fill": "rgb(255, 255, 255)"
          },
          {
            "fill": "rgb(237, 41, 57)"
          }
        ],
        "width": 1536,
        "isMulticolor": true,
        "isMulticolor2": false,
        "grid": 0,
        "tags": [
          "Flag_of_Singapore"
        ],
        "colorPermutations": {
          "10102114911783452120401122241161237415712540012552040125522201255255255160591101": [
            {
              "f": 10
            },
            {
              "f": 9
            }
          ]
        }
      },
      "attrs": [
        {
          "fill": "rgb(255, 255, 255)"
        },
        {
          "fill": "rgb(237, 41, 57)"
        }
      ],
      "properties": {
        "order": 27,
        "id": 0,
        "name": "sg",
        "prevSize": 32,
        "code": 59687,
        "codes": [
          59687,
          59688
        ]
      },
      "setIdx": 1,
      "setId": 4,
      "iconIdx": 5
    }
  ],
  "height": 1024,
  "metadata": {
    "name": "icomoon"
  },
  "preferences": {
    "showGlyphs": true,
    "showQuickUse": true,
    "showQuickUse2": true,
    "showSVGs": true,
    "fontPref": {
      "prefix": "icon-",
      "metadata": {
        "fontFamily": "icomoon"
      },
      "metrics": {
        "emSize": 1024,
        "baseline": 6.25,
        "whitespace": 50
      },
      "embed": false
    },
    "imagePref": {
      "prefix": "icon-",
      "png": true,
      "useClassSelector": true,
      "color": 0,
      "bgColor": 16777215,
      "classSelector": ".icon"
    },
    "historySize": 100,
    "showCodes": true,
    "gridSize": 16
  }
}